185.190.24.222,1 hit,Internet Solutions & Innovations LTD.,Panama,VirusTotal
,33% COA,Tribeka Web Advisors S.A.,Lithuania,AbuseIPDB
66.63.187.162,1 hit,Railnet LLC,United States,VirusTotal
,31% COA,Virtualine Technologies,Türkiye,AbuseIPDB
66.63.187.224,4 hits,Railnet LLC,United States,VirusTotal
,26% COA,Virtualine Technologies,Türkiye,AbuseIPDB
66.63.187.245,1 hit,Railnet LLC,United States,VirusTotal
,24% COA,Virtualine Technologies,Türkiye,AbuseIPDB
94.154.35.24,1 hit,N/A,Ukraine,VirusTotal
,21% COA,Individual entrepreneur Dyachenko Valentina Ivanovna,Ukraine,AbuseIPDB
94.154.35.32,3 hits,N/A,Ukraine,VirusTotal
,13% COA,Individual entrepreneur Dyachenko Valentina Ivanovna,Ukraine,AbuseIPDB
94.156.177.201,8 hits,Railnet LLC,Bulgaria,VirusTotal
,60% COA,VIRTUALINE TECHNOLOGIES,Türkiye,AbuseIPDB
94.156.177.204,16 hits,Railnet LLC,Bulgaria,VirusTotal
,21% COA,VIRTUALINE TECHNOLOGIES,Türkiye,AbuseIPDB
94.156.177.213,5 hits,Railnet LLC,Bulgaria,VirusTotal
,58% COA,VIRTUALINE TECHNOLOGIES,Türkiye,AbuseIPDB
94.156.177.217,4 hits,Railnet LLC,Bulgaria,VirusTotal
,21% COA,VIRTUALINE TECHNOLOGIES,Türkiye,AbuseIPDB
94.156.177.218,1 hit,Railnet LLC,Bulgaria,VirusTotal
,21% COA,VIRTUALINE TECHNOLOGIES,Türkiye,AbuseIPDB
94.156.227.131,5 hits,Railnet LLC,Netherlands,VirusTotal
,33% COA,VIRTUALINE-TECHNOLOGIES,Türkiye,AbuseIPDB
